ID,directory,file,function,offset,source start,source end
1,DFR_MAX,kernel-results/DFR_MAX/1.output.txt,cache_check_rcu,0x297 - 0x2a1,net/sunrpc/cache.c:684,net/sunrpc/cache.c:684
1,DFR_MAX,kernel-results/DFR_MAX/2.output.txt,cache_check_rcu,0x2b3 - 0x2bd,net/sunrpc/cache.c:690,net/sunrpc/cache.c:690
2,GSSD_MIN_TIMEOUT,kernel-results/GSSD_MIN_TIMEOUT/1.output.txt,gss_pipe_downcall,0x293 - 0x56c,net/sunrpc/auth_gss/auth_gss.c:193,net/sunrpc/auth_gss/auth_gss.c:246
3,SMC_TX_WORK_DELAY,kernel-results/SMC_TX_WORK_DELAY/1.output.txt,smc_tx_sndbuf_nonempty,0x2bf - 0x2cd,./include/linux/workqueue.h:692,./include/linux/workqueue.h:692
3,SMC_TX_WORK_DELAY,kernel-results/SMC_TX_WORK_DELAY/2.output.txt,smc_tx_consumer_update,0x163 - 0x171,./include/linux/workqueue.h:677,./include/linux/workqueue.h:677
4,SMC_LGR_NUM_INCR,kernel-results/SMC_LGR_NUM_INCR/1.output.txt,smc_conn_create,0x592 - 0x5d4,net/smc/smc_core.c:919,net/smc/smc_core.c:920
5,RDS_IB_RECYCLE_BATCH_COUNT,kernel-results/RDS_IB_RECYCLE_BATCH_COUNT/1.output.txt,rds_ib_recv_cache_put,0x4f - 0x5a,net/rds/ib_recv.c:496,net/rds/ib_recv.c:496
6,QUEUE_THRESHOLD,kernel-results/QUEUE_THRESHOLD/1.output.txt,pie_process_dequeue,0x96 - 0xa7,net/sched/sch_pie.c:240,net/sched/sch_pie.c:240
6,QUEUE_THRESHOLD,kernel-results/QUEUE_THRESHOLD/2.output.txt,pie_process_dequeue,0xb4 - 0xba,net/sched/sch_pie.c:257,net/sched/sch_pie.c:257
6,QUEUE_THRESHOLD,kernel-results/QUEUE_THRESHOLD/3.output.txt,pie_process_dequeue,0xd4 - 0xdb,net/sched/sch_pie.c:279,net/sched/sch_pie.c:279
7,PIE_SCALE,kernel-results/PIE_SCALE/1.output.txt,pie_dump_stats,0x9e - 0x91,net/sched/sch_pie.c:518,net/sched/sch_pie.c:517
7,PIE_SCALE,kernel-results/PIE_SCALE/2.output.txt,pie_calculate_probability,0x38 - 0x1ba,net/sched/sch_pie.c:318,net/sched/sch_pie.c:413
7,PIE_SCALE,kernel-results/PIE_SCALE/3.output.txt,pie_process_dequeue,0xc2 - 0xca,net/sched/sch_pie.c:258,net/sched/sch_pie.c:267
8,BUSY_POLL_BUDGET,kernel-results/BUSY_POLL_BUDGET/1.output.txt,__io_napi_busy_loop,0x104 - 0x2c1,io_uring/napi.c:170,io_uring/napi.c:170
8,BUSY_POLL_BUDGET,kernel-results/BUSY_POLL_BUDGET/2.output.txt,,,io_uring/napi.c:184,io_uring/napi.c:184
8,BUSY_POLL_BUDGET,kernel-results/BUSY_POLL_BUDGET/3.output.txt,io_napi_sqpoll_busy_poll,0xd0 - 0xe1,io_uring/napi.c:170,io_uring/napi.c:170
8,BUSY_POLL_BUDGET,kernel-results/BUSY_POLL_BUDGET/4.output.txt,,,io_uring/napi.c:184,io_uring/napi.c:184
8,BUSY_POLL_BUDGET,kernel-results/BUSY_POLL_BUDGET/5.output.txt,do_epoll_wait,0x2d4 - 0x31f,fs/eventpoll.c:447,fs/eventpoll.c:451
10,MLD_MAX_SKBS,kernel-results/MLD_MAX_SKBS/1.output.txt,igmp6_event_query,0x61 - 0x6a,net/ipv6/mcast.c:1426,net/ipv6/mcast.c:1426
10,MLD_MAX_SKBS,kernel-results/MLD_MAX_SKBS/2.output.txt,igmp6_event_report,0x61 - 0x6a,net/ipv6/mcast.c:1594,net/ipv6/mcast.c:1594
11,TCP_MAX_QUICKACKS,kernel-results/TCP_MAX_QUICKACKS/1.output.txt,tcp_rcv_state_process,0x3ea - 0x3ff,net/ipv4/tcp_input.c:313,net/ipv4/tcp_input.c:315
11,TCP_MAX_QUICKACKS,kernel-results/TCP_MAX_QUICKACKS/2.output.txt,tcp_data_queue,0x7ad - 0x7c2,net/ipv4/tcp_input.c:313,net/ipv4/tcp_input.c:315
11,TCP_MAX_QUICKACKS,kernel-results/TCP_MAX_QUICKACKS/3.output.txt,tcp_event_data_recv,0x252 - 0x243,net/ipv4/tcp_input.c:313,net/ipv4/tcp_input.c:315
11,TCP_MAX_QUICKACKS,kernel-results/TCP_MAX_QUICKACKS/4.output.txt,tcp_event_data_recv,0x252 - 0x243,net/ipv4/tcp_input.c:313,net/ipv4/tcp_input.c:315
11,TCP_MAX_QUICKACKS,kernel-results/TCP_MAX_QUICKACKS/5.output.txt,tcp_send_dupack,0x7d - 0x92,net/ipv4/tcp_input.c:313,net/ipv4/tcp_input.c:315
12,TCP_MAX_WSCALE,kernel-results/TCP_MAX_WSCALE/10.output.txt,,,,
12,TCP_MAX_WSCALE,kernel-results/TCP_MAX_WSCALE/11.output.txt,,,,
12,TCP_MAX_WSCALE,kernel-results/TCP_MAX_WSCALE/12.output.txt,,,net/ipv4/tcp_output.c:216,net/ipv4/tcp_output.c:3926
12,TCP_MAX_WSCALE,kernel-results/TCP_MAX_WSCALE/13.output.txt,,,net/ipv4/tcp_output.c:246,net/ipv4/tcp_output.c:3926
12,TCP_MAX_WSCALE,kernel-results/TCP_MAX_WSCALE/14.output.txt,,,net/ipv4/tcp_output.c:246,net/ipv4/tcp_output.c:3926
12,TCP_MAX_WSCALE,kernel-results/TCP_MAX_WSCALE/15.output.txt,nf_conntrack_tcp_packet,0x1522 - 0x1544,net/netfilter/nf_conntrack_proto_tcp.c:1090,net/netfilter/nf_conntrack_proto_tcp.c:1095
12,TCP_MAX_WSCALE,kernel-results/TCP_MAX_WSCALE/16.output.txt,,,,
12,TCP_MAX_WSCALE,kernel-results/TCP_MAX_WSCALE/1.output.txt,bpf_sk_assign_tcp_reqsk,0xe3 - 0xf1,net/core/filter.c:12018,net/core/filter.c:12018
12,TCP_MAX_WSCALE,kernel-results/TCP_MAX_WSCALE/2.output.txt,bpf_sk_assign_tcp_reqsk,0xe3 - 0xf1,net/core/filter.c:12018,net/core/filter.c:12018
12,TCP_MAX_WSCALE,kernel-results/TCP_MAX_WSCALE/3.output.txt,,,net/ipv4/tcp.c:3482,net/ipv4/tcp.c:3482
12,TCP_MAX_WSCALE,kernel-results/TCP_MAX_WSCALE/4.output.txt,,,net/ipv4/tcp.c:3482,net/ipv4/tcp.c:3482
12,TCP_MAX_WSCALE,kernel-results/TCP_MAX_WSCALE/5.output.txt,,,,
12,TCP_MAX_WSCALE,kernel-results/TCP_MAX_WSCALE/6.output.txt,tcp_parse_options,0x2fd - 0x300,net/ipv4/tcp_input.c:4237,net/ipv4/tcp_input.c:4237
12,TCP_MAX_WSCALE,kernel-results/TCP_MAX_WSCALE/7.output.txt,tcp_parse_options,0x341 - 0x3af,net/ipv4/tcp_input.c:4238,net/ipv4/tcp_input.c:4238
12,TCP_MAX_WSCALE,kernel-results/TCP_MAX_WSCALE/8.output.txt,,,,
12,TCP_MAX_WSCALE,kernel-results/TCP_MAX_WSCALE/9.output.txt,,,,
13,TCP_DELACK_MAX,kernel-results/TCP_DELACK_MAX/1.output.txt,,,net/core/filter.c:5289,net/core/filter.c:5289
13,TCP_DELACK_MAX,kernel-results/TCP_DELACK_MAX/2.output.txt,,,net/core/filter.c:5289,net/core/filter.c:5289
13,TCP_DELACK_MAX,kernel-results/TCP_DELACK_MAX/3.output.txt,,,,
13,TCP_DELACK_MAX,kernel-results/TCP_DELACK_MAX/4.output.txt,tcp_init_sock,0x70 - 0x77,net/ipv4/tcp.c:437,net/ipv4/tcp.c:437
13,TCP_DELACK_MAX,kernel-results/TCP_DELACK_MAX/5.output.txt,tcp_disconnect,0x169 - 0x170,net/ipv4/tcp.c:3343,net/ipv4/tcp.c:3343
13,TCP_DELACK_MAX,kernel-results/TCP_DELACK_MAX/6.output.txt,,,,
14,TCP_DELACK_MIN,kernel-results/TCP_DELACK_MIN/1.output.txt,dccp_delack_timer,0x120 - 0x140,net/dccp/timer.c:180,net/dccp/timer.c:180
14,TCP_DELACK_MIN,kernel-results/TCP_DELACK_MIN/2.output.txt,tcp_send_delayed_ack,0x19 - 0x1d,net/ipv4/tcp_output.c:4189,net/ipv4/tcp_output.c:4189
14,TCP_DELACK_MIN,kernel-results/TCP_DELACK_MIN/3.output.txt,tcp_send_delayed_ack,0xeb - 0xac,net/ipv4/tcp_output.c:4207,net/ipv4/tcp_output.c:4233
15,TCP_ATO_MIN,kernel-results/TCP_ATO_MIN/10.output.txt,tcp_send_dupack,0x9f - 0x895c,net/ipv4/tcp_input.c:324,net/ipv4/tcp_input.c:324
15,TCP_ATO_MIN,kernel-results/TCP_ATO_MIN/11.output.txt,,,net/ipv4/tcp_output.c:4259,net/ipv4/tcp_output.c:4259
15,TCP_ATO_MIN,kernel-results/TCP_ATO_MIN/12.output.txt,__tcp_transmit_skb,0x45e - 0x465,./include/net/tcp.h:369,./include/net/tcp.h:369
15,TCP_ATO_MIN,kernel-results/TCP_ATO_MIN/13.output.txt,tcp_delack_timer_handler,0x100 - 0x105,net/ipv4/tcp_timer.c:340,net/ipv4/tcp_timer.c:340
15,TCP_ATO_MIN,kernel-results/TCP_ATO_MIN/1.output.txt,,,net/dccp/output.c:590,net/dccp/output.c:590
15,TCP_ATO_MIN,kernel-results/TCP_ATO_MIN/2.output.txt,dccp_delack_timer,0x171 - 0x176,net/dccp/timer.c:206,net/dccp/timer.c:206
15,TCP_ATO_MIN,kernel-results/TCP_ATO_MIN/3.output.txt,tcp_rcv_state_process,0x40c - 0x40c,net/ipv4/tcp_input.c:324,net/ipv4/tcp_input.c:324
15,TCP_ATO_MIN,kernel-results/TCP_ATO_MIN/4.output.txt,tcp_data_queue,0x7d6 - 0x22dc,net/ipv4/tcp_input.c:324,net/ipv4/tcp_input.c:324
15,TCP_ATO_MIN,kernel-results/TCP_ATO_MIN/5.output.txt,tcp_event_data_recv,0x152 - 0x17d,net/ipv4/tcp_input.c:839,net/ipv4/tcp_input.c:806
15,TCP_ATO_MIN,kernel-results/TCP_ATO_MIN/6.output.txt,tcp_event_data_recv,0x1d5 - 0x1d8,net/ipv4/tcp_input.c:843,net/ipv4/tcp_input.c:843
15,TCP_ATO_MIN,kernel-results/TCP_ATO_MIN/7.output.txt,tcp_event_data_recv,0x1de - 0x17d,net/ipv4/tcp_input.c:845,net/ipv4/tcp_input.c:806
15,TCP_ATO_MIN,kernel-results/TCP_ATO_MIN/8.output.txt,,,net/ipv4/tcp_input.c:324,net/ipv4/tcp_input.c:324
15,TCP_ATO_MIN,kernel-results/TCP_ATO_MIN/9.output.txt,,,net/ipv4/tcp_input.c:324,net/ipv4/tcp_input.c:324
16,TCP_TIMEOUT_MIN,kernel-results/TCP_TIMEOUT_MIN/1.output.txt,,,net/core/filter.c:5289,net/core/filter.c:5289
16,TCP_TIMEOUT_MIN,kernel-results/TCP_TIMEOUT_MIN/2.output.txt,,,net/core/filter.c:5296,net/core/filter.c:5296
16,TCP_TIMEOUT_MIN,kernel-results/TCP_TIMEOUT_MIN/3.output.txt,,,,
16,TCP_TIMEOUT_MIN,kernel-results/TCP_TIMEOUT_MIN/4.output.txt,,,,
17,TCP_TIMEOUT_MIN_US,kernel-results/TCP_TIMEOUT_MIN_US/1.output.txt,,,,
17,TCP_TIMEOUT_MIN_US,kernel-results/TCP_TIMEOUT_MIN_US/2.output.txt,,,net/ipv4/tcp_input.c:3047,net/ipv4/tcp_input.c:3047
18,MAX_GRO_SKBS,kernel-results/MAX_GRO_SKBS/1.output.txt,dev_gro_receive,0x52c - 0x53b,net/core/gro.c:539,net/core/gro.c:539
19,BLK_MQ_CPU_WORK_BATCH,kernel-results/BLK_MQ_CPU_WORK_BATCH/1.output.txt,blk_mq_map_swqueue,0x413 - 0x41e,block/blk-mq.c:4199,block/blk-mq.c:4199
19,BLK_MQ_CPU_WORK_BATCH,kernel-results/BLK_MQ_CPU_WORK_BATCH/2.output.txt,,,,
20,TCP_THIN_LINEAR_RETRIES,kernel-results/TCP_THIN_LINEAR_RETRIES/1.output.txt,tcp_retransmit_timer,0x93c - 0x943,net/ipv4/tcp_timer.c:663,net/ipv4/tcp_timer.c:663
21,TCP_INIT_CWND,kernel-results/TCP_INIT_CWND/10.output.txt,,,,
21,TCP_INIT_CWND,kernel-results/TCP_INIT_CWND/11.output.txt,,,net/ipv4/tcp_input.c:445,net/ipv4/tcp_input.c:455
21,TCP_INIT_CWND,kernel-results/TCP_INIT_CWND/12.output.txt,tcp_init_transfer,0x1d0 - 0x1eb,net/ipv4/tcp_input.c:595,net/ipv4/tcp_input.c:595
21,TCP_INIT_CWND,kernel-results/TCP_INIT_CWND/13.output.txt,,,,
21,TCP_INIT_CWND,kernel-results/TCP_INIT_CWND/14.output.txt,dctcp_update_alpha,0x110 - 0x113,net/ipv4/tcp_dctcp.c:147,net/ipv4/tcp_dctcp.c:148
21,TCP_INIT_CWND,kernel-results/TCP_INIT_CWND/1.output.txt,tcp_init_sock,0x7a7b - 0x2d2ff,./include/net/tcp.h:1337,./include/net/tcp.h:1337
21,TCP_INIT_CWND,kernel-results/TCP_INIT_CWND/2.output.txt,tcp_disconnect,0x19b - 0x25a1f,./include/net/tcp.h:1337,./include/net/tcp.h:1337
21,TCP_INIT_CWND,kernel-results/TCP_INIT_CWND/3.output.txt,,,,
21,TCP_INIT_CWND,kernel-results/TCP_INIT_CWND/4.output.txt,,,,
21,TCP_INIT_CWND,kernel-results/TCP_INIT_CWND/5.output.txt,,,,
21,TCP_INIT_CWND,kernel-results/TCP_INIT_CWND/6.output.txt,,,,
21,TCP_INIT_CWND,kernel-results/TCP_INIT_CWND/7.output.txt,,,,
21,TCP_INIT_CWND,kernel-results/TCP_INIT_CWND/8.output.txt,bbr_main,0x8e2 - 0x8ee,net/ipv4/tcp_bbr.c:543,net/ipv4/tcp_bbr.c:543
21,TCP_INIT_CWND,kernel-results/TCP_INIT_CWND/9.output.txt,,,net/ipv4/tcp_input.c:445,net/ipv4/tcp_input.c:455
22,TCP_PLB_SCALE,kernel-results/TCP_PLB_SCALE/1.output.txt,dctcp_update_alpha,0x110 - 0x113,net/ipv4/tcp_dctcp.c:147,net/ipv4/tcp_dctcp.c:148
22,TCP_PLB_SCALE,kernel-results/TCP_PLB_SCALE/2.output.txt,tcp_sk_init,0x26c - 0x26c,net/ipv4/tcp_ipv4.c:3521,net/ipv4/tcp_ipv4.c:3521
23,AMT_DISCOVERY_TIMEOUT,kernel-results/AMT_DISCOVERY_TIMEOUT/1.output.txt,amt_discovery_work,0x35 - 0x5357,./include/linux/workqueue.h:692,./include/linux/workqueue.h:692
23,AMT_DISCOVERY_TIMEOUT,kernel-results/AMT_DISCOVERY_TIMEOUT/2.output.txt,amt_event_work,0x1f5 - 0x767,./include/linux/workqueue.h:692,./include/linux/workqueue.h:692
24,AMT_INIT_REQ_TIMEOUT,kernel-results/AMT_INIT_REQ_TIMEOUT/1.output.txt,amt_event_work,0x683 - 0x683,drivers/net/amt.c:960,drivers/net/amt.c:960
25,AMT_MAX_REQ_TIMEOUT,kernel-results/AMT_MAX_REQ_TIMEOUT/1.output.txt,amt_event_work,0x281 - 0x1f5,drivers/net/amt.c:981,./include/linux/workqueue.h:692
26,AMT_MAX_REQ_COUNT,kernel-results/AMT_MAX_REQ_COUNT/1.output.txt,amt_event_work,0x230 - 0x239,drivers/net/amt.c:958,drivers/net/amt.c:958
27,AMT_SECRET_TIMEOUT,kernel-results/AMT_SECRET_TIMEOUT/1.output.txt,amt_secret_work,0x37 - 0x5de7,./include/linux/workqueue.h:692,./include/linux/workqueue.h:692
27,AMT_SECRET_TIMEOUT,kernel-results/AMT_SECRET_TIMEOUT/2.output.txt,,,,
28,IPVS_SYNC_WAKEUP_RATE,kernel-results/IPVS_SYNC_WAKEUP_RATE/1.output.txt,ip_vs_sync_conn,0x591 - 0x872,net/netfilter/ipvs/ip_vs_sync.c:375,net/netfilter/ipvs/ip_vs_sync.c:375
28,IPVS_SYNC_WAKEUP_RATE,kernel-results/IPVS_SYNC_WAKEUP_RATE/2.output.txt,master_wakeup_work_handler,0x24 - 0x2f,net/netfilter/ipvs/ip_vs_sync.c:1627,net/netfilter/ipvs/ip_vs_sync.c:1627
28,IPVS_SYNC_WAKEUP_RATE,kernel-results/IPVS_SYNC_WAKEUP_RATE/3.output.txt,master_wakeup_work_handler,0x55 - 0x55,net/netfilter/ipvs/ip_vs_sync.c:1631,net/netfilter/ipvs/ip_vs_sync.c:1631
29,IPVS_SYNC_SEND_DELAY,kernel-results/IPVS_SYNC_SEND_DELAY/1.output.txt,,,./include/linux/workqueue.h:677,./include/linux/workqueue.h:677
30,IPVS_SYNC_CHECK_PERIOD,kernel-results/IPVS_SYNC_CHECK_PERIOD/1.output.txt,sync_thread_master,0x3a0 - 0x3a5,net/netfilter/ipvs/ip_vs_sync.c:1667,net/netfilter/ipvs/ip_vs_sync.c:1667
31,IPVS_SYNC_FLUSH_TIME,kernel-results/IPVS_SYNC_FLUSH_TIME/1.output.txt,sync_thread_master,0x292 - 0x34c,net/netfilter/ipvs/ip_vs_sync.c:397,net/netfilter/ipvs/ip_vs_sync.c:397
32,TCP_RACK_RECOVERY_THRESH,kernel-results/TCP_RACK_RECOVERY_THRESH/1.output.txt,tcp_fastretrans_alert,0x405 - 0x660,net/ipv4/tcp_input.c:2652,net/ipv4/tcp_input.c:2652
32,TCP_RACK_RECOVERY_THRESH,kernel-results/TCP_RACK_RECOVERY_THRESH/2.output.txt,tcp_fastretrans_alert,0x405 - 0x660,net/ipv4/tcp_input.c:2652,net/ipv4/tcp_input.c:2652
32,TCP_RACK_RECOVERY_THRESH,kernel-results/TCP_RACK_RECOVERY_THRESH/3.output.txt,tcp_rack_update_reo_wnd,0x4d - 0x5f,net/ipv4/tcp_recovery.c:206,net/ipv4/tcp_recovery.c:206
33,SBQ_WAKE_BATCH,kernel-results/SBQ_WAKE_BATCH/1.output.txt,blk_mq_update_nr_requests,0x141 - 0x14b,block/blk-mq.c:4879,block/blk-mq.c:4885
33,SBQ_WAKE_BATCH,kernel-results/SBQ_WAKE_BATCH/2.output.txt,blk_mq_update_nr_requests,0x141 - 0x14b,block/blk-mq.c:4879,block/blk-mq.c:4885
33,SBQ_WAKE_BATCH,kernel-results/SBQ_WAKE_BATCH/3.output.txt,,,,
33,SBQ_WAKE_BATCH,kernel-results/SBQ_WAKE_BATCH/4.output.txt,,,,
33,SBQ_WAKE_BATCH,kernel-results/SBQ_WAKE_BATCH/5.output.txt,sbitmap_queue_min_shallow_depth,0x49 - 0x60,lib/sbitmap.c:426,lib/sbitmap.c:469
33,SBQ_WAKE_BATCH,kernel-results/SBQ_WAKE_BATCH/6.output.txt,sbitmap_queue_min_shallow_depth,0x49 - 0x60,lib/sbitmap.c:426,lib/sbitmap.c:469
33,SBQ_WAKE_BATCH,kernel-results/SBQ_WAKE_BATCH/7.output.txt,,,,
33,SBQ_WAKE_BATCH,kernel-results/SBQ_WAKE_BATCH/8.output.txt,,,,
34,BLK_MQ_MAX_DEPTH,kernel-results/BLK_MQ_MAX_DEPTH/1.output.txt,blk_mq_alloc_tag_set,0x62 - 0x68,block/blk-mq.c:4738,block/blk-mq.c:4738
34,BLK_MQ_MAX_DEPTH,kernel-results/BLK_MQ_MAX_DEPTH/2.output.txt,blk_mq_alloc_tag_set,0x3ec - 0x3f8,block/blk-mq.c:4739,block/blk-mq.c:4739
34,BLK_MQ_MAX_DEPTH,kernel-results/BLK_MQ_MAX_DEPTH/3.output.txt,nvme_probe,0x2a9 - 0x494,drivers/nvme/host/pci.c:3089,drivers/nvme/host/nvme.h:745
34,BLK_MQ_MAX_DEPTH,kernel-results/BLK_MQ_MAX_DEPTH/4.output.txt,nvme_probe,0x2a9 - 0x494,drivers/nvme/host/pci.c:3089,drivers/nvme/host/nvme.h:745
34,BLK_MQ_MAX_DEPTH,kernel-results/BLK_MQ_MAX_DEPTH/5.output.txt,dm_mq_init_request_queue,0x76 - 0x8a,drivers/md/dm-rq.c:55,drivers/md/dm-rq.c:55
34,BLK_MQ_MAX_DEPTH,kernel-results/BLK_MQ_MAX_DEPTH/6.output.txt,nvme_probe,0x2a9 - 0x494,drivers/nvme/host/pci.c:3089,drivers/nvme/host/nvme.h:745
35,BLK_MIN_SG_TIMEOUT,kernel-results/BLK_MIN_SG_TIMEOUT/1.output.txt,,,,
35,BLK_MIN_SG_TIMEOUT,kernel-results/BLK_MIN_SG_TIMEOUT/2.output.txt,sg_io,0x2dd - 0x2e3,drivers/scsi/scsi_ioctl.c:382,drivers/scsi/scsi_ioctl.c:382
35,BLK_MIN_SG_TIMEOUT,kernel-results/BLK_MIN_SG_TIMEOUT/3.output.txt,,,,
36,NFS_JUKEBOX_RETRY_TIME,kernel-results/NFS_JUKEBOX_RETRY_TIME/10.output.txt,,,fs/nfs/nfs3proc.c:40,fs/nfs/nfs3proc.c:40
36,NFS_JUKEBOX_RETRY_TIME,kernel-results/NFS_JUKEBOX_RETRY_TIME/11.output.txt,,,fs/nfs/nfs3proc.c:40,fs/nfs/nfs3proc.c:40
36,NFS_JUKEBOX_RETRY_TIME,kernel-results/NFS_JUKEBOX_RETRY_TIME/12.output.txt,,,fs/nfs/nfs3proc.c:40,fs/nfs/nfs3proc.c:40
36,NFS_JUKEBOX_RETRY_TIME,kernel-results/NFS_JUKEBOX_RETRY_TIME/13.output.txt,,,fs/nfs/nfs3proc.c:40,fs/nfs/nfs3proc.c:40
36,NFS_JUKEBOX_RETRY_TIME,kernel-results/NFS_JUKEBOX_RETRY_TIME/14.output.txt,nfs3_read_done,0xba - 0xe25,fs/nfs/nfs3proc.c:56,fs/nfs/nfs3proc.c:56
36,NFS_JUKEBOX_RETRY_TIME,kernel-results/NFS_JUKEBOX_RETRY_TIME/15.output.txt,nfs3_write_done,0x7c - 0x85,fs/nfs/nfs3proc.c:56,fs/nfs/nfs3proc.c:56
36,NFS_JUKEBOX_RETRY_TIME,kernel-results/NFS_JUKEBOX_RETRY_TIME/16.output.txt,nfs3_commit_done,0x7a - 0x135,fs/nfs/nfs3proc.c:56,fs/nfs/nfs3proc.c:56
36,NFS_JUKEBOX_RETRY_TIME,kernel-results/NFS_JUKEBOX_RETRY_TIME/17.output.txt,,,fs/nfs/nfs3proc.c:40,fs/nfs/nfs3proc.c:40
36,NFS_JUKEBOX_RETRY_TIME,kernel-results/NFS_JUKEBOX_RETRY_TIME/18.output.txt,nfs3_proc_mknod,0xe7 - 0x5d9,fs/nfs/nfs3proc.c:320,fs/nfs/nfs3proc.c:320
36,NFS_JUKEBOX_RETRY_TIME,kernel-results/NFS_JUKEBOX_RETRY_TIME/19.output.txt,,,fs/nfs/nfs3proc.c:40,fs/nfs/nfs3proc.c:40
36,NFS_JUKEBOX_RETRY_TIME,kernel-results/NFS_JUKEBOX_RETRY_TIME/1.output.txt,ff_layout_async_handle_error.isra.0,0xf5 - 0xfd,fs/nfs/flexfilelayout/flexfilelayout.c:1214,fs/nfs/flexfilelayout/flexfilelayout.c:1214
36,NFS_JUKEBOX_RETRY_TIME,kernel-results/NFS_JUKEBOX_RETRY_TIME/20.output.txt,,,fs/nfs/nfs3proc.c:40,fs/nfs/nfs3proc.c:40
36,NFS_JUKEBOX_RETRY_TIME,kernel-results/NFS_JUKEBOX_RETRY_TIME/21.output.txt,,,fs/nfs/nfs3proc.c:40,fs/nfs/nfs3proc.c:40
36,NFS_JUKEBOX_RETRY_TIME,kernel-results/NFS_JUKEBOX_RETRY_TIME/22.output.txt,,,fs/nfs/nfs3proc.c:40,fs/nfs/nfs3proc.c:40
36,NFS_JUKEBOX_RETRY_TIME,kernel-results/NFS_JUKEBOX_RETRY_TIME/2.output.txt,,,fs/nfs/nfs3proc.c:40,fs/nfs/nfs3proc.c:40
36,NFS_JUKEBOX_RETRY_TIME,kernel-results/NFS_JUKEBOX_RETRY_TIME/3.output.txt,,,fs/nfs/nfs3proc.c:40,fs/nfs/nfs3proc.c:40
36,NFS_JUKEBOX_RETRY_TIME,kernel-results/NFS_JUKEBOX_RETRY_TIME/4.output.txt,,,fs/nfs/nfs3proc.c:40,fs/nfs/nfs3proc.c:40
36,NFS_JUKEBOX_RETRY_TIME,kernel-results/NFS_JUKEBOX_RETRY_TIME/5.output.txt,,,fs/nfs/nfs3proc.c:40,fs/nfs/nfs3proc.c:40
36,NFS_JUKEBOX_RETRY_TIME,kernel-results/NFS_JUKEBOX_RETRY_TIME/6.output.txt,,,fs/nfs/nfs3proc.c:40,fs/nfs/nfs3proc.c:40
36,NFS_JUKEBOX_RETRY_TIME,kernel-results/NFS_JUKEBOX_RETRY_TIME/7.output.txt,nfs3_proc_unlink_done,0x62 - 0xcc5,fs/nfs/nfs3proc.c:56,fs/nfs/nfs3proc.c:56
36,NFS_JUKEBOX_RETRY_TIME,kernel-results/NFS_JUKEBOX_RETRY_TIME/8.output.txt,nfs3_proc_rename_done,0x74 - 0xc35,fs/nfs/nfs3proc.c:56,fs/nfs/nfs3proc.c:56
36,NFS_JUKEBOX_RETRY_TIME,kernel-results/NFS_JUKEBOX_RETRY_TIME/9.output.txt,,,fs/nfs/nfs3proc.c:40,fs/nfs/nfs3proc.c:40
37,MAX_NR_FOLIOS_PER_FREE,kernel-results/MAX_NR_FOLIOS_PER_FREE/1.output.txt,,,./include/asm-generic/tlb.h:557,./include/asm-generic/tlb.h:398
37,MAX_NR_FOLIOS_PER_FREE,kernel-results/MAX_NR_FOLIOS_PER_FREE/2.output.txt,__tlb_batch_free_encoded_pages,0x81 - 0x8a,mm/mmu_gather.c:126,mm/mmu_gather.c:126
38,PCPU_SLOT_FAIL_THRESHOLD,kernel-results/PCPU_SLOT_FAIL_THRESHOLD/1.output.txt,,,,
39,NR_MAX_MIGRATE_PAGES_RETRY,kernel-results/NR_MAX_MIGRATE_PAGES_RETRY/1.output.txt,migrate_pages,0xb1 - 0x658,mm/migrate.c:1612,mm/migrate.c:1612
39,NR_MAX_MIGRATE_PAGES_RETRY,kernel-results/NR_MAX_MIGRATE_PAGES_RETRY/2.output.txt,,,,
39,NR_MAX_MIGRATE_PAGES_RETRY,kernel-results/NR_MAX_MIGRATE_PAGES_RETRY/3.output.txt,,,,
40,SHRINK_BATCH,kernel-results/SHRINK_BATCH/1.output.txt,,,mm/shrinker.c:380,./include/trace/events/vmscan.h:244
40,SHRINK_BATCH,kernel-results/SHRINK_BATCH/2.output.txt,,,mm/filemap.c:3243,mm/filemap.c:3243
40,SHRINK_BATCH,kernel-results/SHRINK_BATCH/3.output.txt,,,mm/filemap.c:3250,mm/filemap.c:3250
42,GET_PAGE_MAX_RETRY_NUM,kernel-results/GET_PAGE_MAX_RETRY_NUM/1.output.txt,get_hwpoison_page,0x22b - 0x235,mm/memory-failure.c:1445,mm/memory-failure.c:1445
42,GET_PAGE_MAX_RETRY_NUM,kernel-results/GET_PAGE_MAX_RETRY_NUM/2.output.txt,get_hwpoison_page,0x3aa - 0x3ae,mm/memory-failure.c:1450,mm/memory-failure.c:1450
42,GET_PAGE_MAX_RETRY_NUM,kernel-results/GET_PAGE_MAX_RETRY_NUM/3.output.txt,get_hwpoison_page,0x2dd - 0x2e1,mm/memory-failure.c:1476,mm/memory-failure.c:1476
44,MAX_OOM_REAP_RETRIES,kernel-results/MAX_OOM_REAP_RETRIES/1.output.txt,oom_reaper,0x67 - 0x200,mm/oom_kill.c:618,mm/oom_kill.c:618
45,OOM_REAPER_DELAY,kernel-results/OOM_REAPER_DELAY/1.output.txt,,,mm/oom_kill.c:703,mm/oom_kill.c:703
45,OOM_REAPER_DELAY,kernel-results/OOM_REAPER_DELAY/2.output.txt,,,mm/oom_kill.c:703,mm/oom_kill.c:703
45,OOM_REAPER_DELAY,kernel-results/OOM_REAPER_DELAY/3.output.txt,,,mm/oom_kill.c:703,mm/oom_kill.c:703
46,SHMEM_MAX_IQ_TIME,kernel-results/SHMEM_MAX_IQ_TIME/1.output.txt,shmem_read_file_info,0x91 - 0x91,mm/shmem_quota.c:78,mm/shmem_quota.c:78
47,SHMEM_MAX_DQ_TIME,kernel-results/SHMEM_MAX_DQ_TIME/1.output.txt,shmem_read_file_info,0x91 - 0xa2,mm/shmem_quota.c:77,mm/shmem_quota.c:77
48,RCU_JIFFIES_FQS_DIV,kernel-results/RCU_JIFFIES_FQS_DIV/1.output.txt,,,,
48,RCU_JIFFIES_FQS_DIV,kernel-results/RCU_JIFFIES_FQS_DIV/2.output.txt,,,,
48,RCU_JIFFIES_FQS_DIV,kernel-results/RCU_JIFFIES_FQS_DIV/3.output.txt,,,,
49,BLK_MAX_REQUEST_COUNT,kernel-results/BLK_MAX_REQUEST_COUNT/1.output.txt,blk_start_plug_nr_ios,0x29 - 0x584,block/blk-core.c:1125,block/blk-core.c:1125
49,BLK_MAX_REQUEST_COUNT,kernel-results/BLK_MAX_REQUEST_COUNT/2.output.txt,,,,
50,PEEK_MAX_IMPORT,kernel-results/PEEK_MAX_IMPORT/1.output.txt,,,,
50,PEEK_MAX_IMPORT,kernel-results/PEEK_MAX_IMPORT/2.output.txt,,,,
51,IO_POLL_REF_BIAS,kernel-results/IO_POLL_REF_BIAS/1.output.txt,__io_arm_poll_handler,0x2c6 - 0x1148,io_uring/poll.c:96,io_uring/poll.c:96
51,IO_POLL_REF_BIAS,kernel-results/IO_POLL_REF_BIAS/2.output.txt,__io_arm_poll_handler,0x2c6 - 0x1148,io_uring/poll.c:96,io_uring/poll.c:96
51,IO_POLL_REF_BIAS,kernel-results/IO_POLL_REF_BIAS/3.output.txt,io_poll_wake,0x46 - 0xec8,io_uring/poll.c:96,io_uring/poll.c:96
51,IO_POLL_REF_BIAS,kernel-results/IO_POLL_REF_BIAS/4.output.txt,io_poll_can_finish_inline,0x36 - 0x11c8,io_uring/poll.c:96,io_uring/poll.c:96
51,IO_POLL_REF_BIAS,kernel-results/IO_POLL_REF_BIAS/5.output.txt,,,io_uring/poll.c:96,io_uring/poll.c:96
51,IO_POLL_REF_BIAS,kernel-results/IO_POLL_REF_BIAS/6.output.txt,,,io_uring/poll.c:96,io_uring/poll.c:96
51,IO_POLL_REF_BIAS,kernel-results/IO_POLL_REF_BIAS/7.output.txt,io_poll_remove,0x85 - 0x88,io_uring/poll.c:96,io_uring/poll.c:96
52,APOLL_MAX_RETRY,kernel-results/APOLL_MAX_RETRY/1.output.txt,,,io_uring/io_uring.c:1284,io_uring/io_uring.c:1269
53,IO_TCTX_REFS_CACHE_NR,kernel-results/IO_TCTX_REFS_CACHE_NR/1.output.txt,io_task_refs_refill,0x11 - 0x4d,io_uring/io_uring.c:700,io_uring/io_uring.c:704
54,IORING_MAX_ENTRIES,kernel-results/IORING_MAX_ENTRIES/1.output.txt,io_uring_fill_params,0x1c - 0x22,io_uring/io_uring.c:3544,io_uring/io_uring.c:3544
54,IORING_MAX_ENTRIES,kernel-results/IORING_MAX_ENTRIES/2.output.txt,,,io_uring/io_uring.c:3778,io_uring/io_uring.c:3778
54,IORING_MAX_ENTRIES,kernel-results/IORING_MAX_ENTRIES/3.output.txt,io_uring_fill_params,0x7b - 0x80,io_uring/io_uring.c:3571,io_uring/io_uring.c:3571
54,IORING_MAX_ENTRIES,kernel-results/IORING_MAX_ENTRIES/4.output.txt,,,io_uring/io_uring.c:3778,io_uring/io_uring.c:3778
55,IO_LOCAL_TW_DEFAULT_MAX,kernel-results/IO_LOCAL_TW_DEFAULT_MAX/1.output.txt,io_run_task_work_sig,0x4b - 0x6b,io_uring/io_uring.c:1354,io_uring/io_uring.c:2360
55,IO_LOCAL_TW_DEFAULT_MAX,kernel-results/IO_LOCAL_TW_DEFAULT_MAX/2.output.txt,,,,
55,IO_LOCAL_TW_DEFAULT_MAX,kernel-results/IO_LOCAL_TW_DEFAULT_MAX/3.output.txt,,,io_uring/io_uring.c:2525,io_uring/io_uring.c:1354
55,IO_LOCAL_TW_DEFAULT_MAX,kernel-results/IO_LOCAL_TW_DEFAULT_MAX/4.output.txt,,,io_uring/io_uring.c:1344,io_uring/io_uring.c:1343
56,WORKER_INIT_LIMIT,kernel-results/WORKER_INIT_LIMIT/1.output.txt,create_worker_cont,0xab - 0x327,io_uring/io-wq.c:759,io_uring/io-wq.c:759
56,WORKER_INIT_LIMIT,kernel-results/WORKER_INIT_LIMIT/2.output.txt,create_io_worker,0x115 - 0x127,io_uring/io-wq.c:759,io_uring/io-wq.c:759
57,MULTISHOT_MAX_RETRY,kernel-results/MULTISHOT_MAX_RETRY/1.output.txt,io_recv_finish,0x3eb - 0x3fd,io_uring/net.c:874,io_uring/net.c:874
58,EP_MAX_NESTS,kernel-results/EP_MAX_NESTS/1.output.txt,,,,
58,EP_MAX_NESTS,kernel-results/EP_MAX_NESTS/2.output.txt,reverse_path_check_proc,0x5 - 0x8,fs/eventpoll.c:1535,fs/eventpoll.c:1535
59,MAX_SLACK,kernel-results/MAX_SLACK/1.output.txt,select_estimate_accuracy,0xec - 0xef,fs/select.c:64,fs/select.c:64
59,MAX_SLACK,kernel-results/MAX_SLACK/2.output.txt,,,,
59,MAX_SLACK,kernel-results/MAX_SLACK/3.output.txt,,,,
59,MAX_SLACK,kernel-results/MAX_SLACK/4.output.txt,,,fs/select.c:64,fs/select.c:64
59,MAX_SLACK,kernel-results/MAX_SLACK/5.output.txt,,,,
59,MAX_SLACK,kernel-results/MAX_SLACK/6.output.txt,,,,
59,MAX_SLACK,kernel-results/MAX_SLACK/7.output.txt,,,fs/select.c:64,fs/select.c:64
59,MAX_SLACK,kernel-results/MAX_SLACK/8.output.txt,,,,
59,MAX_SLACK,kernel-results/MAX_SLACK/9.output.txt,,,,
60,SYNC_SHRINK_BATCH,kernel-results/SYNC_SHRINK_BATCH/1.output.txt,mb_cache_entry_create,0x1f9 - 0x206,fs/mbcache.c:86,fs/mbcache.c:86
61,SHRINK_DIVISOR,kernel-results/SHRINK_DIVISOR/1.output.txt,mb_cache_shrink_worker,0x6 - 0x15,fs/mbcache.c:346,fs/mbcache.c:346
62,PIPE_MIN_DEF_BUFFERS,kernel-results/PIPE_MIN_DEF_BUFFERS/1.output.txt,alloc_pipe_info,0x191 - 0xae,fs/pipe.c:765,fs/pipe.c:809
62,PIPE_MIN_DEF_BUFFERS,kernel-results/PIPE_MIN_DEF_BUFFERS/2.output.txt,,,,
63,AIO_PLUG_THRESHOLD,kernel-results/AIO_PLUG_THRESHOLD/1.output.txt,,,fs/aio.c:2101,fs/aio.c:2115
63,AIO_PLUG_THRESHOLD,kernel-results/AIO_PLUG_THRESHOLD/2.output.txt,__ia32_compat_sys_io_submit,0x6a - 0xb9,fs/aio.c:2143,fs/aio.c:2157
64,LAST_INO_BATCH,kernel-results/LAST_INO_BATCH/1.output.txt,get_next_ino,0x1a - 0x1f,fs/inode.c:1144,fs/inode.c:1144
64,LAST_INO_BATCH,kernel-results/LAST_INO_BATCH/2.output.txt,,,,
65,IWALK_MAX_INODE_PREFETCH,kernel-results/IWALK_MAX_INODE_PREFETCH/1.output.txt,xfs_iwalk,0x61 - 0x12,fs/xfs/xfs_iwalk.c:509,fs/xfs/xfs_iwalk.c:584
65,IWALK_MAX_INODE_PREFETCH,kernel-results/IWALK_MAX_INODE_PREFETCH/2.output.txt,xfs_iwalk,0x5c - 0x12,fs/xfs/xfs_iwalk.c:507,fs/xfs/xfs_iwalk.c:584
65,IWALK_MAX_INODE_PREFETCH,kernel-results/IWALK_MAX_INODE_PREFETCH/3.output.txt,,,,
65,IWALK_MAX_INODE_PREFETCH,kernel-results/IWALK_MAX_INODE_PREFETCH/4.output.txt,,,,
66,MAX_INOBT_WALK_PREFETCH,kernel-results/MAX_INOBT_WALK_PREFETCH/1.output.txt,xfs_inobt_walk,0x66 - 0x12,fs/xfs/xfs_iwalk.c:728,fs/xfs/xfs_iwalk.c:747
66,MAX_INOBT_WALK_PREFETCH,kernel-results/MAX_INOBT_WALK_PREFETCH/2.output.txt,xfs_inobt_walk,0x5c - 0x12,fs/xfs/xfs_iwalk.c:714,fs/xfs/xfs_iwalk.c:747
67,XFS_DISCARD_MAX_EXAMINE,kernel-results/XFS_DISCARD_MAX_EXAMINE/1.output.txt,,,,
68,XFS_ICOUNT_BATCH,kernel-results/XFS_ICOUNT_BATCH/1.output.txt,xfs_trans_unreserve_and_mod_sb,0x186 - 0x196,fs/xfs/xfs_trans.c:662,fs/xfs/xfs_trans.c:662
69,DEF_PRIORITY,kernel-results/DEF_PRIORITY/10.output.txt,shrink_all_memory,0x6 - 0x51,mm/vmscan.c:7338,mm/vmscan.c:7338
69,DEF_PRIORITY,kernel-results/DEF_PRIORITY/1.output.txt,xfs_inodegc_register_shrinker,0x5c - 0x6a,fs/xfs/xfs_icache.c:2341,fs/xfs/xfs_icache.c:2341
69,DEF_PRIORITY,kernel-results/DEF_PRIORITY/2.output.txt,,,,
69,DEF_PRIORITY,kernel-results/DEF_PRIORITY/3.output.txt,,,mm/vmscan.c:6908,mm/vmscan.c:7041
69,DEF_PRIORITY,kernel-results/DEF_PRIORITY/4.output.txt,,,,
69,DEF_PRIORITY,kernel-results/DEF_PRIORITY/5.output.txt,,,mm/vmscan.c:6984,mm/vmscan.c:6984
69,DEF_PRIORITY,kernel-results/DEF_PRIORITY/6.output.txt,,,,
69,DEF_PRIORITY,kernel-results/DEF_PRIORITY/7.output.txt,shrink_node,0x670 - 0x679,mm/vmscan.c:5825,mm/vmscan.c:5825
69,DEF_PRIORITY,kernel-results/DEF_PRIORITY/8.output.txt,try_to_free_pages,0xc - 0xa1,mm/vmscan.c:6518,mm/vmscan.c:6518
69,DEF_PRIORITY,kernel-results/DEF_PRIORITY/9.output.txt,do_try_to_free_pages,0x16c - 0x172,mm/vmscan.c:6311,mm/vmscan.c:6311
70,BLK_PLUG_FLUSH_SIZE,kernel-results/BLK_PLUG_FLUSH_SIZE/1.output.txt,blk_add_rq_to_plug,0xd7 - 0xef,block/blk-mq.c:1382,block/blk-mq.c:1382
71,BOOST_GC_MULTIPLE,kernel-results/BOOST_GC_MULTIPLE/1.output.txt,,,,
72,BTRFS_MAX_BIO_SECTORS,kernel-results/BTRFS_MAX_BIO_SECTORS/1.output.txt,,,,
73,RBIO_CACHE_SIZE,kernel-results/RBIO_CACHE_SIZE/1.output.txt,unlock_stripe,0x27a - 0x282,fs/btrfs/raid56.c:567,fs/btrfs/raid56.c:567
74,SEND_MAX_EXTENT_REFS,kernel-results/SEND_MAX_EXTENT_REFS/1.output.txt,,,,
75,BTRFS_DELAYED_WRITEBACK,kernel-results/BTRFS_DELAYED_WRITEBACK/1.output.txt,btrfs_balance_delayed_items,0x78 - 0x7d,fs/btrfs/delayed-inode.c:1422,fs/btrfs/delayed-inode.c:1422
75,BTRFS_DELAYED_WRITEBACK,kernel-results/BTRFS_DELAYED_WRITEBACK/2.output.txt,,,,
76,BTRFS_DELAYED_BACKGROUND,kernel-results/BTRFS_DELAYED_BACKGROUND/1.output.txt,,,fs/btrfs/delayed-inode.c:413,fs/btrfs/delayed-inode.c:414
76,BTRFS_DELAYED_BACKGROUND,kernel-results/BTRFS_DELAYED_BACKGROUND/2.output.txt,,,fs/btrfs/delayed-inode.c:413,fs/btrfs/delayed-inode.c:414
76,BTRFS_DELAYED_BACKGROUND,kernel-results/BTRFS_DELAYED_BACKGROUND/3.output.txt,,,fs/btrfs/delayed-inode.c:413,fs/btrfs/delayed-inode.c:414
76,BTRFS_DELAYED_BACKGROUND,kernel-results/BTRFS_DELAYED_BACKGROUND/4.output.txt,btrfs_balance_delayed_items,0x2f - 0x71,fs/btrfs/delayed-inode.c:1418,fs/btrfs/delayed-inode.c:1418
76,BTRFS_DELAYED_BACKGROUND,kernel-results/BTRFS_DELAYED_BACKGROUND/5.output.txt,btrfs_balance_delayed_items,0xb5 - 0xbe,fs/btrfs/delayed-inode.c:1408,fs/btrfs/delayed-inode.c:1432
76,BTRFS_DELAYED_BACKGROUND,kernel-results/BTRFS_DELAYED_BACKGROUND/6.output.txt,btrfs_balance_delayed_items,0xb5 - 0xbe,fs/btrfs/delayed-inode.c:1408,fs/btrfs/delayed-inode.c:1432
76,BTRFS_DELAYED_BACKGROUND,kernel-results/BTRFS_DELAYED_BACKGROUND/7.output.txt,btrfs_async_run_delayed_root,0x42 - 0x28a,fs/btrfs/delayed-inode.c:1338,fs/btrfs/delayed-inode.c:1338
76,BTRFS_DELAYED_BACKGROUND,kernel-results/BTRFS_DELAYED_BACKGROUND/8.output.txt,,,fs/btrfs/delayed-inode.c:413,fs/btrfs/delayed-inode.c:414
76,BTRFS_DELAYED_BACKGROUND,kernel-results/BTRFS_DELAYED_BACKGROUND/9.output.txt,,,fs/btrfs/delayed-inode.c:413,fs/btrfs/delayed-inode.c:414
77,BTRFS_DELAYED_BATCH,kernel-results/BTRFS_DELAYED_BATCH/10.output.txt,,,,
77,BTRFS_DELAYED_BATCH,kernel-results/BTRFS_DELAYED_BATCH/11.output.txt,,,,
77,BTRFS_DELAYED_BATCH,kernel-results/BTRFS_DELAYED_BATCH/12.output.txt,,,,
77,BTRFS_DELAYED_BATCH,kernel-results/BTRFS_DELAYED_BATCH/1.output.txt,,,,
77,BTRFS_DELAYED_BATCH,kernel-results/BTRFS_DELAYED_BATCH/2.output.txt,,,,
77,BTRFS_DELAYED_BATCH,kernel-results/BTRFS_DELAYED_BATCH/3.output.txt,,,,
77,BTRFS_DELAYED_BATCH,kernel-results/BTRFS_DELAYED_BATCH/4.output.txt,,,,
77,BTRFS_DELAYED_BATCH,kernel-results/BTRFS_DELAYED_BATCH/5.output.txt,,,,
77,BTRFS_DELAYED_BATCH,kernel-results/BTRFS_DELAYED_BATCH/6.output.txt,,,,
77,BTRFS_DELAYED_BATCH,kernel-results/BTRFS_DELAYED_BATCH/7.output.txt,,,,
77,BTRFS_DELAYED_BATCH,kernel-results/BTRFS_DELAYED_BATCH/8.output.txt,,,fs/btrfs/delayed-inode.c:1390,fs/btrfs/delayed-inode.c:1390
77,BTRFS_DELAYED_BATCH,kernel-results/BTRFS_DELAYED_BATCH/9.output.txt,,,,
78,BTRFS_DEFRAG_BATCH,kernel-results/BTRFS_DEFRAG_BATCH/1.output.txt,btrfs_run_defrag_inodes,0x32b - 0x37f,fs/btrfs/defrag.c:267,fs/btrfs/defrag.c:272
79,RC_EXPIRE,kernel-results/RC_EXPIRE/1.output.txt,nfsd_prune_bucket_locked,0x16 - 0x73,fs/nfsd/nfscache.c:267,fs/nfsd/nfscache.c:282
80,NFSD_LAUNDRETTE_DELAY,kernel-results/NFSD_LAUNDRETTE_DELAY/1.output.txt,nfsd_file_put,0x141 - 0x2c38b,./include/linux/workqueue.h:677,./include/linux/workqueue.h:677
80,NFSD_LAUNDRETTE_DELAY,kernel-results/NFSD_LAUNDRETTE_DELAY/2.output.txt,nfsd_file_gc_worker,0x27e - 0x2d46b,./include/linux/workqueue.h:677,./include/linux/workqueue.h:677
81,MAX_MKSPC_RETRIES,kernel-results/MAX_MKSPC_RETRIES/1.output.txt,ubifs_budget_space,0x4a2 - 0x4b0,fs/ubifs/budget.c:151,fs/ubifs/budget.c:151
82,NR_TO_WRITE,kernel-results/NR_TO_WRITE/1.output.txt,ubifs_budget_space,0x3c1 - 0x3cf,fs/ubifs/budget.c:54,fs/ubifs/budget.c:54
83,NFS4_POLL_RETRY_MIN,kernel-results/NFS4_POLL_RETRY_MIN/1.output.txt,pnfs_update_layout,0x1153 - 0x1157,fs/nfs/pnfs.c:2304,fs/nfs/pnfs.c:2304
83,NFS4_POLL_RETRY_MIN,kernel-results/NFS4_POLL_RETRY_MIN/2.output.txt,pnfs_update_layout,0x1153 - 0x1157,fs/nfs/pnfs.c:2304,fs/nfs/pnfs.c:2304
83,NFS4_POLL_RETRY_MIN,kernel-results/NFS4_POLL_RETRY_MIN/3.output.txt,,,,
83,NFS4_POLL_RETRY_MIN,kernel-results/NFS4_POLL_RETRY_MIN/4.output.txt,nfs4_get_lease_time_done,0x4a - 0x52,fs/nfs/nfs4proc.c:9261,fs/nfs/nfs4proc.c:9261
83,NFS4_POLL_RETRY_MIN,kernel-results/NFS4_POLL_RETRY_MIN/5.output.txt,pnfs_update_layout,0x1153 - 0x1157,fs/nfs/pnfs.c:2304,fs/nfs/pnfs.c:2304
84,NFS4_POLL_RETRY_MAX,kernel-results/NFS4_POLL_RETRY_MAX/1.output.txt,nfs41_sequence_call_done,0x120 - 0x128,fs/nfs/nfs4proc.c:9563,fs/nfs/nfs4proc.c:9563
84,NFS4_POLL_RETRY_MAX,kernel-results/NFS4_POLL_RETRY_MAX/2.output.txt,nfs41_sequence_process,0xbc - 0xc7,fs/nfs/nfs4proc.c:989,fs/nfs/nfs4proc.c:989
84,NFS4_POLL_RETRY_MAX,kernel-results/NFS4_POLL_RETRY_MAX/3.output.txt,pnfs_update_layout,0x1153 - 0x1157,fs/nfs/pnfs.c:2304,fs/nfs/pnfs.c:2304
84,NFS4_POLL_RETRY_MAX,kernel-results/NFS4_POLL_RETRY_MAX/4.output.txt,pnfs_update_layout,0x1153 - 0x1157,fs/nfs/pnfs.c:2304,fs/nfs/pnfs.c:2304
84,NFS4_POLL_RETRY_MAX,kernel-results/NFS4_POLL_RETRY_MAX/5.output.txt,,,,
84,NFS4_POLL_RETRY_MAX,kernel-results/NFS4_POLL_RETRY_MAX/6.output.txt,nfs4_reclaim_complete_done,0xfa - 0x102,fs/nfs/nfs4proc.c:9717,fs/nfs/nfs4proc.c:9717
84,NFS4_POLL_RETRY_MAX,kernel-results/NFS4_POLL_RETRY_MAX/7.output.txt,pnfs_update_layout,0x1153 - 0x1157,fs/nfs/pnfs.c:2304,fs/nfs/pnfs.c:2304
85,SOFT_LEBS_LIMIT,kernel-results/SOFT_LEBS_LIMIT/1.output.txt,ubifs_garbage_collect,0xff - 0x116,fs/ubifs/gc.c:706,fs/ubifs/gc.c:706
85,SOFT_LEBS_LIMIT,kernel-results/SOFT_LEBS_LIMIT/2.output.txt,ubifs_garbage_collect,0xc0 - 0x25b,fs/ubifs/gc.c:826,fs/ubifs/gc.c:826
86,HARD_LEBS_LIMIT,kernel-results/HARD_LEBS_LIMIT/1.output.txt,ubifs_garbage_collect,0x11c - 0x120,fs/ubifs/gc.c:717,fs/ubifs/gc.c:717
87,DEF_RECLAIM_PREFREE_SEGMENTS,kernel-results/DEF_RECLAIM_PREFREE_SEGMENTS/1.output.txt,,,,
88,DEF_MAX_RECLAIM_PREFREE_SEGMENTS,kernel-results/DEF_MAX_RECLAIM_PREFREE_SEGMENTS/1.output.txt,,,,
88,DEF_MAX_RECLAIM_PREFREE_SEGMENTS,kernel-results/DEF_MAX_RECLAIM_PREFREE_SEGMENTS/2.output.txt,,,,
89,MAX_SKIP_GC_COUNT,kernel-results/MAX_SKIP_GC_COUNT/1.output.txt,f2fs_gc,0x824 - 0x831,fs/f2fs/gc.c:1957,fs/f2fs/gc.c:1957
90,MAX_RA_NODE,kernel-results/MAX_RA_NODE/1.output.txt,,,fs/f2fs/node.c:1476,fs/f2fs/node.c:1476
92,DEF_GC_THREAD_URGENT_SLEEP_TIME,kernel-results/DEF_GC_THREAD_URGENT_SLEEP_TIME/1.output.txt,f2fs_start_gc_thread,0x71 - 0x78,fs/f2fs/gc.c:198,fs/f2fs/gc.c:198
93,MAX_SOFTIRQ_TIME,kernel-results/MAX_SOFTIRQ_TIME/1.output.txt,handle_softirqs,0x151 - 0x17c,kernel/softirq.c:580,kernel/softirq.c:580
94,MAX_SOFTIRQ_RESTART,kernel-results/MAX_SOFTIRQ_RESTART/1.output.txt,,,,
95,BH_WORKER_JIFFIES,kernel-results/BH_WORKER_JIFFIES/1.output.txt,bh_worker,0x25c - 0x252,kernel/workqueue.c:3581,kernel/workqueue.c:3580
96,BH_WORKER_RESTARTS,kernel-results/BH_WORKER_RESTARTS/1.output.txt,,,,
97,DEF_DISCARD_URGENT_UTIL,kernel-results/DEF_DISCARD_URGENT_UTIL/1.output.txt,f2fs_build_segment_manager,0x92f - 0x936,fs/f2fs/segment.c:2343,fs/f2fs/segment.c:2343
98,NUMA_IMBALANCE_MIN,kernel-results/NUMA_IMBALANCE_MIN/1.output.txt,,,,
98,NUMA_IMBALANCE_MIN,kernel-results/NUMA_IMBALANCE_MIN/2.output.txt,,,kernel/sched/fair.c:1420,kernel/sched/fair.c:11855
98,NUMA_IMBALANCE_MIN,kernel-results/NUMA_IMBALANCE_MIN/3.output.txt,task_numa_find_cpu,0x3a - 0x1a8,kernel/sched/fair.c:1420,kernel/sched/fair.c:2459
99,MAX_SCAN_WINDOW,kernel-results/MAX_SCAN_WINDOW/1.output.txt,task_scan_start,0x1f - 0xc8d9,kernel/sched/fair.c:1519,kernel/sched/fair.c:1519
99,MAX_SCAN_WINDOW,kernel-results/MAX_SCAN_WINDOW/2.output.txt,,,,
99,MAX_SCAN_WINDOW,kernel-results/MAX_SCAN_WINDOW/3.output.txt,task_numa_fault,0x83d - 0x849,kernel/sched/fair.c:1519,kernel/sched/fair.c:1519
99,MAX_SCAN_WINDOW,kernel-results/MAX_SCAN_WINDOW/4.output.txt,task_numa_fault,0x7df - 0x83a,kernel/sched/fair.c:2722,kernel/sched/fair.c:2755
99,MAX_SCAN_WINDOW,kernel-results/MAX_SCAN_WINDOW/5.output.txt,task_scan_max,0x21 - 0xc529,kernel/sched/fair.c:1519,kernel/sched/fair.c:1519
99,MAX_SCAN_WINDOW,kernel-results/MAX_SCAN_WINDOW/6.output.txt,,,,
100,NUMA_PERIOD_THRESHOLD,kernel-results/NUMA_PERIOD_THRESHOLD/1.output.txt,task_numa_fault,0x823 - 0x826,kernel/sched/fair.c:2726,kernel/sched/fair.c:2726
100,NUMA_PERIOD_THRESHOLD,kernel-results/NUMA_PERIOD_THRESHOLD/2.output.txt,task_numa_fault,0x7df - 0x83a,kernel/sched/fair.c:2722,kernel/sched/fair.c:2755
100,NUMA_PERIOD_THRESHOLD,kernel-results/NUMA_PERIOD_THRESHOLD/3.output.txt,task_numa_fault,0x9a5 - 0x9a8,kernel/sched/fair.c:2735,kernel/sched/fair.c:2735
100,NUMA_PERIOD_THRESHOLD,kernel-results/NUMA_PERIOD_THRESHOLD/4.output.txt,task_numa_fault,0x7df - 0x83a,kernel/sched/fair.c:2722,kernel/sched/fair.c:2755
100,NUMA_PERIOD_THRESHOLD,kernel-results/NUMA_PERIOD_THRESHOLD/5.output.txt,task_numa_fault,0x7df - 0x83a,kernel/sched/fair.c:2722,kernel/sched/fair.c:2755
101,NR_MAX_BATCHED_MIGRATION,kernel-results/NR_MAX_BATCHED_MIGRATION/1.output.txt,migrate_pages,0x872 - 0x877,mm/migrate.c:2083,mm/migrate.c:2083
101,NR_MAX_BATCHED_MIGRATION,kernel-results/NR_MAX_BATCHED_MIGRATION/2.output.txt,migrate_pages,0x8c4 - 0x8ca,mm/migrate.c:2086,mm/migrate.c:2086
102,SMALLIMP,kernel-results/SMALLIMP/1.output.txt,task_numa_find_cpu,0x3ad - 0x3c6,kernel/sched/fair.c:2371,kernel/sched/fair.c:2371
103,MAX_PINNED_INTERVAL,kernel-results/MAX_PINNED_INTERVAL/1.output.txt,,,,
104,BLK_MQ_DISPATCH_BUSY_EWMA_WEIGHT,kernel-results/BLK_MQ_DISPATCH_BUSY_EWMA_WEIGHT/10.output.txt,,,,
104,BLK_MQ_DISPATCH_BUSY_EWMA_WEIGHT,kernel-results/BLK_MQ_DISPATCH_BUSY_EWMA_WEIGHT/11.output.txt,blk_mq_try_issue_directly,0x473 - 0x47f,block/blk-mq.c:1988,block/blk-mq.c:1991
104,BLK_MQ_DISPATCH_BUSY_EWMA_WEIGHT,kernel-results/BLK_MQ_DISPATCH_BUSY_EWMA_WEIGHT/12.output.txt,blk_mq_try_issue_directly,0x47f - 0x4eb,block/blk-mq.c:1991,block/blk-mq.c:1991
104,BLK_MQ_DISPATCH_BUSY_EWMA_WEIGHT,kernel-results/BLK_MQ_DISPATCH_BUSY_EWMA_WEIGHT/13.output.txt,blk_mq_try_issue_directly,0x473 - 0x47f,block/blk-mq.c:1988,block/blk-mq.c:1991
104,BLK_MQ_DISPATCH_BUSY_EWMA_WEIGHT,kernel-results/BLK_MQ_DISPATCH_BUSY_EWMA_WEIGHT/14.output.txt,blk_mq_try_issue_directly,0x47f - 0x4eb,block/blk-mq.c:1991,block/blk-mq.c:1991
104,BLK_MQ_DISPATCH_BUSY_EWMA_WEIGHT,kernel-results/BLK_MQ_DISPATCH_BUSY_EWMA_WEIGHT/15.output.txt,blk_mq_try_issue_directly,0x473 - 0x47f,block/blk-mq.c:1988,block/blk-mq.c:1991
104,BLK_MQ_DISPATCH_BUSY_EWMA_WEIGHT,kernel-results/BLK_MQ_DISPATCH_BUSY_EWMA_WEIGHT/16.output.txt,blk_mq_try_issue_directly,0x47f - 0x4eb,block/blk-mq.c:1991,block/blk-mq.c:1991
104,BLK_MQ_DISPATCH_BUSY_EWMA_WEIGHT,kernel-results/BLK_MQ_DISPATCH_BUSY_EWMA_WEIGHT/1.output.txt,,,,
104,BLK_MQ_DISPATCH_BUSY_EWMA_WEIGHT,kernel-results/BLK_MQ_DISPATCH_BUSY_EWMA_WEIGHT/2.output.txt,,,,
104,BLK_MQ_DISPATCH_BUSY_EWMA_WEIGHT,kernel-results/BLK_MQ_DISPATCH_BUSY_EWMA_WEIGHT/3.output.txt,,,,
104,BLK_MQ_DISPATCH_BUSY_EWMA_WEIGHT,kernel-results/BLK_MQ_DISPATCH_BUSY_EWMA_WEIGHT/4.output.txt,,,,
104,BLK_MQ_DISPATCH_BUSY_EWMA_WEIGHT,kernel-results/BLK_MQ_DISPATCH_BUSY_EWMA_WEIGHT/5.output.txt,,,,
104,BLK_MQ_DISPATCH_BUSY_EWMA_WEIGHT,kernel-results/BLK_MQ_DISPATCH_BUSY_EWMA_WEIGHT/6.output.txt,,,,
104,BLK_MQ_DISPATCH_BUSY_EWMA_WEIGHT,kernel-results/BLK_MQ_DISPATCH_BUSY_EWMA_WEIGHT/7.output.txt,,,,
104,BLK_MQ_DISPATCH_BUSY_EWMA_WEIGHT,kernel-results/BLK_MQ_DISPATCH_BUSY_EWMA_WEIGHT/8.output.txt,,,,
104,BLK_MQ_DISPATCH_BUSY_EWMA_WEIGHT,kernel-results/BLK_MQ_DISPATCH_BUSY_EWMA_WEIGHT/9.output.txt,,,,
105,BLK_MQ_DISPATCH_BUSY_EWMA_FACTOR,kernel-results/BLK_MQ_DISPATCH_BUSY_EWMA_FACTOR/1.output.txt,,,,
105,BLK_MQ_DISPATCH_BUSY_EWMA_FACTOR,kernel-results/BLK_MQ_DISPATCH_BUSY_EWMA_FACTOR/2.output.txt,,,,
105,BLK_MQ_DISPATCH_BUSY_EWMA_FACTOR,kernel-results/BLK_MQ_DISPATCH_BUSY_EWMA_FACTOR/3.output.txt,,,,
106,BLK_MQ_RESOURCE_DELAY,kernel-results/BLK_MQ_RESOURCE_DELAY/1.output.txt,,,,
107,BLK_ZONE_WPLUG_DEFAULT_POOL_SIZE,kernel-results/BLK_ZONE_WPLUG_DEFAULT_POOL_SIZE/1.output.txt,blk_revalidate_disk_zones,0xec - 0x357,block/blk-zoned.c:1479,block/blk-zoned.c:1367
107,BLK_ZONE_WPLUG_DEFAULT_POOL_SIZE,kernel-results/BLK_ZONE_WPLUG_DEFAULT_POOL_SIZE/2.output.txt,,,,
108,ALLOC_CACHE_THRESHOLD,kernel-results/ALLOC_CACHE_THRESHOLD/1.output.txt,bio_alloc_bioset,0x4d7 - 0x4dd,block/bio.c:452,block/bio.c:452
109,ALLOC_CACHE_MAX,kernel-results/ALLOC_CACHE_MAX/1.output.txt,bio_put,0x50 - 0x5f,block/bio.c:776,block/bio.c:776
111,BFQ_HW_QUEUE_SAMPLES,kernel-results/BFQ_HW_QUEUE_SAMPLES/1.output.txt,bfq_finish_requeue_request,0xbc - 0xc8,block/bfq-iosched.c:6352,block/bfq-iosched.c:6352
112,BFQ_HW_QUEUE_THRESHOLD,kernel-results/BFQ_HW_QUEUE_THRESHOLD/1.output.txt,bfq_finish_requeue_request,0x8b - 0x93,block/bfq-iosched.c:6338,block/bfq-iosched.c:6338
112,BFQ_HW_QUEUE_THRESHOLD,kernel-results/BFQ_HW_QUEUE_THRESHOLD/2.output.txt,bfq_finish_requeue_request,0xa6 - 0xb2,block/bfq-iosched.c:6347,block/bfq-iosched.c:6348
112,BFQ_HW_QUEUE_THRESHOLD,kernel-results/BFQ_HW_QUEUE_THRESHOLD/3.output.txt,,,,
112,BFQ_HW_QUEUE_THRESHOLD,kernel-results/BFQ_HW_QUEUE_THRESHOLD/4.output.txt,bfq_finish_requeue_request,0xca - 0xe1,block/bfq-iosched.c:6355,block/bfq-iosched.c:6360
113,BFQ_MIN_TT,kernel-results/BFQ_MIN_TT/1.output.txt,bfq_dispatch_request,0xa8d - 0x77b,block/bfq-iosched.c:3635,block/bfq-iosched.c:3636
113,BFQ_MIN_TT,kernel-results/BFQ_MIN_TT/2.output.txt,bfq_finish_requeue_request,0x17d - 0x195,block/bfq-iosched.c:6413,block/bfq-iosched.c:6413
113,BFQ_MIN_TT,kernel-results/BFQ_MIN_TT/3.output.txt,bfq_finish_requeue_request,0x70d - 0x637,block/bfq-iosched.c:3406,./include/linux/hrtimer.h:260
113,BFQ_MIN_TT,kernel-results/BFQ_MIN_TT/4.output.txt,,,,
114,MAX_PARTIAL_TO_SCAN,kernel-results/MAX_PARTIAL_TO_SCAN/1.output.txt,count_partial_free_approx,0x14 - 0x22,mm/slub.c:3488,mm/slub.c:3488
114,MAX_PARTIAL_TO_SCAN,kernel-results/MAX_PARTIAL_TO_SCAN/2.output.txt,count_partial_free_approx,0x92 - 0xc6,mm/slub.c:3501,mm/slub.c:3501
114,MAX_PARTIAL_TO_SCAN,kernel-results/MAX_PARTIAL_TO_SCAN/3.output.txt,,,,
114,MAX_PARTIAL_TO_SCAN,kernel-results/MAX_PARTIAL_TO_SCAN/4.output.txt,count_partial_free_approx,0xec - 0x125,mm/slub.c:3506,mm/slub.c:3506
114,MAX_PARTIAL_TO_SCAN,kernel-results/MAX_PARTIAL_TO_SCAN/5.output.txt,,,,
115,KFREE_DRAIN_JIFFIES,kernel-results/KFREE_DRAIN_JIFFIES/1.output.txt,,,mm/slab_common.c:1633,./include/linux/workqueue.h:677
115,KFREE_DRAIN_JIFFIES,kernel-results/KFREE_DRAIN_JIFFIES/2.output.txt,,,./include/linux/workqueue.h:692,./include/linux/workqueue.h:692
115,KFREE_DRAIN_JIFFIES,kernel-results/KFREE_DRAIN_JIFFIES/3.output.txt,,,mm/slab_common.c:1633,./include/linux/workqueue.h:677
115,KFREE_DRAIN_JIFFIES,kernel-results/KFREE_DRAIN_JIFFIES/4.output.txt,,,./include/linux/workqueue.h:692,./include/linux/workqueue.h:692
116,BLKDEV_DEFAULT_RQ,kernel-results/BLKDEV_DEFAULT_RQ/1.output.txt,blk_alloc_queue,0x22a - 0x231,block/blk-core.c:458,block/blk-core.c:458
116,BLKDEV_DEFAULT_RQ,kernel-results/BLKDEV_DEFAULT_RQ/2.output.txt,blk_mq_init_sched,0x6 - 0x4d,block/blk-mq-sched.c:453,block/blk-mq-sched.c:453
116,BLKDEV_DEFAULT_RQ,kernel-results/BLKDEV_DEFAULT_RQ/3.output.txt,blk_mq_init_sched,0x5a - 0x70,block/blk-mq-sched.c:428,block/blk-mq-sched.c:431
117,SCHED_NR_MIGRATE_BREAK,kernel-results/SCHED_NR_MIGRATE_BREAK/1.output.txt,sched_balance_rq,0x13 - 0xe86,kernel/sched/fair.c:11727,kernel/sched/fair.c:9555
117,SCHED_NR_MIGRATE_BREAK,kernel-results/SCHED_NR_MIGRATE_BREAK/2.output.txt,sched_balance_rq,0x6c7 - 0xe86,kernel/sched/fair.c:9554,kernel/sched/fair.c:9555
117,SCHED_NR_MIGRATE_BREAK,kernel-results/SCHED_NR_MIGRATE_BREAK/3.output.txt,sched_balance_rq,0x6c7 - 0x909,kernel/sched/fair.c:9554,kernel/sched/fair.c:11840
117,SCHED_NR_MIGRATE_BREAK,kernel-results/SCHED_NR_MIGRATE_BREAK/4.output.txt,sched_balance_rq,0x6c7 - 0xfeb,kernel/sched/fair.c:9554,kernel/sched/fair.c:11872
118,fits_capacity,kernel-results/fits_capacity/1.output.txt,select_task_rq_fair,0x5fe - 0x9e0,kernel/sched/fair.c:4983,kernel/sched/fair.c:7839
118,fits_capacity,kernel-results/fits_capacity/2.output.txt,select_task_rq_fair,0x5fe - 0x2099,kernel/sched/fair.c:4983,kernel/sched/fair.c:7847
118,fits_capacity,kernel-results/fits_capacity/3.output.txt,select_task_rq_fair,0x5fe - 0xaa3,kernel/sched/fair.c:4983,kernel/sched/fair.c:7868
118,fits_capacity,kernel-results/fits_capacity/4.output.txt,select_task_rq_fair,0x5fe - 0x26bf,kernel/sched/fair.c:4983,kernel/sched/fair.c:7880
118,fits_capacity,kernel-results/fits_capacity/5.output.txt,select_task_rq_fair,0x5fe - 0x1f03,kernel/sched/fair.c:4983,kernel/sched/fair.c:7774
118,fits_capacity,kernel-results/fits_capacity/6.output.txt,,,kernel/sched/fair.c:4983,kernel/sched/fair.c:5114
118,fits_capacity,kernel-results/fits_capacity/7.output.txt,,,kernel/sched/fair.c:4983,kernel/sched/fair.c:10683
118,fits_capacity,kernel-results/fits_capacity/8.output.txt,sched_balance_rq,0x9f2 - 0x920,kernel/sched/fair.c:4983,kernel/sched/fair.c:9607
119,capacity_greater,kernel-results/capacity_greater/1.output.txt,,,kernel/sched/fair.c:10448,kernel/sched/fair.c:10448
119,capacity_greater,kernel-results/capacity_greater/2.output.txt,,,kernel/sched/fair.c:10561,kernel/sched/fair.c:10560
119,capacity_greater,kernel-results/capacity_greater/3.output.txt,sched_balance_rq,0x340 - 0x388,kernel/sched/fair.c:11465,kernel/sched/fair.c:11465
120,NUMA_MIGRATION_ADJUST_STEPS,kernel-results/NUMA_MIGRATION_ADJUST_STEPS/1.output.txt,should_numa_migrate_memory,0x41e - 0x46a,kernel/sched/fair.c:1897,kernel/sched/fair.c:1904
121,VMA_PID_RESET_PERIOD,kernel-results/VMA_PID_RESET_PERIOD/1.output.txt,task_numa_work,0x7cb - 0x7d7,kernel/sched/fair.c:3421,kernel/sched/fair.c:3420
121,VMA_PID_RESET_PERIOD,kernel-results/VMA_PID_RESET_PERIOD/2.output.txt,task_numa_work,0x2c1 - 0x2da,kernel/sched/fair.c:3445,kernel/sched/fair.c:3444
122,UTIL_EST_MARGIN,kernel-results/UTIL_EST_MARGIN/1.output.txt,dequeue_task_fair,0x6d - 0x70,kernel/sched/fair.c:4918,kernel/sched/fair.c:4918
122,UTIL_EST_MARGIN,kernel-results/UTIL_EST_MARGIN/2.output.txt,dequeue_task_fair,0x1d9 - 0x1e0,kernel/sched/fair.c:4932,kernel/sched/fair.c:4932
123,tcp_min_rtt,kernel-results/tcp_min_rtt/1.output.txt,,,net/ipv4/tcp_input.c:3047,net/ipv4/tcp_input.c:3047
124,node_stamp__2__TICK_NSEC,kernel-results/node_stamp__2__TICK_NSEC/1.output.txt,task_numa_work,0xfe - 0x8c2,kernel/sched/fair.c:3343,kernel/sched/fair.c:3534
125,numa_scan_seq,kernel-results/numa_scan_seq/1.output.txt,should_numa_migrate_memory,0x25a - 0x38a,kernel/sched/fair.c:1964,kernel/sched/fair.c:1964
126,node_stamp__32__diff,kernel-results/node_stamp__32__diff/1.output.txt,task_numa_work,0xfe - 0x8c2,kernel/sched/fair.c:3343,kernel/sched/fair.c:3534
127,group_faults,kernel-results/group_faults/1.output.txt,mpol_misplaced,0xd4 - 0xec,mm/mempolicy.c:2844,mm/mempolicy.c:2844
128,ca__delay_min,kernel-results/ca__delay_min/1.output.txt,cubictcp_acked,0x210 - 0x20a,net/ipv4/tcp_cubic.c:439,net/ipv4/tcp_cubic.c:438
128,ca__delay_min,kernel-results/ca__delay_min/2.output.txt,cubictcp_acked,0x210 - 0x20a,net/ipv4/tcp_cubic.c:439,net/ipv4/tcp_cubic.c:438
128,ca__delay_min,kernel-results/ca__delay_min/3.output.txt,cubictcp_acked,0x210 - 0x20a,net/ipv4/tcp_cubic.c:439,net/ipv4/tcp_cubic.c:438
129,delta__freeable__2,kernel-results/delta__freeable__2/1.output.txt,,,mm/shrinker.c:405,./include/trace/events/vmscan.h:244
130,delta__4,kernel-results/delta__4/1.output.txt,,,mm/shrinker.c:397,./include/trace/events/vmscan.h:244
131,bfq_back_penalty,kernel-results/bfq_back_penalty/1.output.txt,bfq_init_queue,0x282 - 0x28c,block/bfq-iosched.c:7340,block/bfq-iosched.c:7340
132,bfq_back_max,kernel-results/bfq_back_max/1.output.txt,bfq_init_queue,0x282 - 0x282,block/bfq-iosched.c:7339,block/bfq-iosched.c:7339
133,bfq_stats_min_budgets,kernel-results/bfq_stats_min_budgets/1.output.txt,bfq_bfqq_expire,0x218 - 0x6569,block/bfq-iosched.c:1485,block/bfq-iosched.c:1485
133,bfq_stats_min_budgets,kernel-results/bfq_stats_min_budgets/2.output.txt,bfq_bfqq_expire,0x218 - 0x6569,block/bfq-iosched.c:1485,block/bfq-iosched.c:1485
133,bfq_stats_min_budgets,kernel-results/bfq_stats_min_budgets/3.output.txt,bfq_bfqq_expire,0x472 - 0x487,block/bfq-iosched.c:4110,block/bfq-iosched.c:4110
133,bfq_stats_min_budgets,kernel-results/bfq_stats_min_budgets/4.output.txt,bfq_insert_requests,0x182b - 0x1839,block/bfq-iosched.c:1485,block/bfq-iosched.c:1485
133,bfq_stats_min_budgets,kernel-results/bfq_stats_min_budgets/5.output.txt,bfq_init_bfqq,0x11f - 0x12d,block/bfq-iosched.c:1473,block/bfq-iosched.c:1473
134,bfq_default_max_budget,kernel-results/bfq_default_max_budget/1.output.txt,bfq_init_queue,0x24c - 0x253,block/bfq-iosched.c:7335,block/bfq-iosched.c:7335
134,bfq_default_max_budget,kernel-results/bfq_default_max_budget/2.output.txt,,,,
134,bfq_default_max_budget,kernel-results/bfq_default_max_budget/3.output.txt,,,,
134,bfq_default_max_budget,kernel-results/bfq_default_max_budget/4.output.txt,,,,
134,bfq_default_max_budget,kernel-results/bfq_default_max_budget/5.output.txt,bfq_init_queue,0xc5 - 0x3fb,block/bfq-iosched.c:7265,block/bfq-iosched.c:7396
135,BFQ_RATE_MIN_SAMPLES,kernel-results/BFQ_RATE_MIN_SAMPLES/1.output.txt,bfq_update_rate_reset,0x14 - 0x2c,block/bfq-iosched.c:3475,block/bfq-iosched.c:3475
136,BFQ_RATE_MIN_INTERVAL,kernel-results/BFQ_RATE_MIN_INTERVAL/1.output.txt,bfq_update_rate_reset,0x1f - 0x14,block/bfq-iosched.c:3476,block/bfq-iosched.c:3475
137,max_service_from_wr,kernel-results/max_service_from_wr/1.output.txt,bfq_dispatch_request,0x105f - 0x107d,block/bfq-iosched.c:5094,block/bfq-iosched.c:5094
138,bfq_activation_stable_merging,kernel-results/bfq_activation_stable_merging/1.output.txt,bfq_get_queue,0x2f1 - 0x30f,block/bfq-iosched.c:5800,block/bfq-iosched.c:5802
139,bfq_late_stable_merging,kernel-results/bfq_late_stable_merging/1.output.txt,bfq_setup_cooperator,0xcf - 0xf1,block/bfq-iosched.c:2950,block/bfq-iosched.c:2950
139,bfq_late_stable_merging,kernel-results/bfq_late_stable_merging/2.output.txt,bfq_setup_cooperator,0xcf - 0x352,block/bfq-iosched.c:2950,block/bfq-iosched.c:2952
140,BLK_MQ_BUDGET_DELAY,kernel-results/BLK_MQ_BUDGET_DELAY/1.output.txt,__blk_mq_sched_dispatch_requests,0x577 - 0x57f,block/blk-mq-sched.c:156,block/blk-mq-sched.c:156
140,BLK_MQ_BUDGET_DELAY,kernel-results/BLK_MQ_BUDGET_DELAY/2.output.txt,__blk_mq_sched_dispatch_requests,0x5c4 - 0x5cc,block/blk-mq-sched.c:248,block/blk-mq-sched.c:248
999,Try_KLP_bad_case,kernel-results/Try_KLP_bad_case/1.output.txt,tcp_sendmsg_locked,0x409 - 0x40d,net/ipv4/tcp.c:1162,net/ipv4/tcp.c:1162
